"","continent_level","date","cases","new_cases","deaths","new_deaths","weeks_since_death10","weeks_since_case100","continent","pop","cases_per_million","new_cases_per_million","deaths_per_million","new_deaths_per_million"
"1","Africa",2020-02-17,1,1,0,0,0,0,"Africa",1.2e+09,0,0,0,0
"2","Africa",2020-02-24,1,0,0,0,0,0,"Africa",1.2e+09,0,0,0,0
"3","Africa",2020-03-02,8,7,0,0,0,0,"Africa",1.2e+09,0,0,0,0
"4","Africa",2020-03-09,91,83,1,1,0,0,"Africa",1.2e+09,0.1,0.1,0,0
"5","Africa",2020-03-16,400,309,8,7,0,0,"Africa",1.2e+09,0.3,0.3,0,0
"6","Africa",2020-03-23,1818,1418,57,49,0,1,"Africa",1.2e+09,1.5,1.2,0,0
"7","Africa",2020-03-30,5196,3378,173,116,1,2,"Africa",1.2e+09,4.3,2.8,0.1,0.1
"8","Africa",2020-04-06,9999,4803,487,314,2,3,"Africa",1.2e+09,8.3,4,0.4,0.3
"9","Africa",2020-04-13,15265,5266,834,347,3,4,"Africa",1.2e+09,12.7,4.4,0.7,0.3
"10","Africa",2020-04-20,23439,8174,1159,325,4,5,"Africa",1.2e+09,19.5,6.8,1,0.3
"11","Africa",2020-04-27,33167,9728,1462,303,5,6,"Africa",1.2e+09,27.6,8.1,1.2,0.3
"12","Africa",2020-05-04,46959,13794,1842,380,6,7,"Africa",1.2e+09,39.1,11.5,1.5,0.3
"13","Africa",2020-05-11,66152,19193,2344,502,7,8,"Africa",1.2e+09,55.1,16,2,0.4
"14","Africa",2020-05-18,88258,22106,2832,488,8,9,"Africa",1.2e+09,73.5,18.4,2.4,0.4
"15","Africa",2020-05-25,115733,27649,3479,647,9,10,"Africa",1.2e+09,96.4,23,2.9,0.5
"16","Africa",2020-06-01,152344,36611,4343,864,10,11,"Africa",1.2e+09,127,30.5,3.6,0.7
"17","Africa",2020-06-08,196198,43854,5363,1020,11,12,"Africa",1.2e+09,163.5,36.5,4.5,0.8
"18","Africa",2020-06-15,251184,54986,6762,1399,12,13,"Africa",1.2e+09,209.3,45.8,5.6,1.2
"19","Africa",2020-06-22,315370,64186,8338,1576,13,14,"Africa",1.2e+09,262.8,53.5,6.9,1.3
"20","Africa",2020-06-29,393285,77915,9879,1541,14,15,"Africa",1.2e+09,327.7,64.9,8.2,1.3
"21","Africa",2020-07-06,490344,97059,11612,1733,15,16,"Africa",1.2e+09,408.6,80.9,9.7,1.4
"22","Africa",2020-07-13,611016,120672,13463,1851,16,17,"Africa",1.2e+09,509.2,100.6,11.2,1.5
"23","Africa",2020-07-20,736577,125561,15423,1960,17,18,"Africa",1.2e+09,613.8,104.6,12.9,1.6
"24","Africa",2020-07-27,860527,123950,18175,2752,18,19,"Africa",1.2e+09,717.1,103.3,15.1,2.3
"25","Africa",2020-08-03,968602,108075,20627,2452,19,20,"Africa",1.2e+09,807.2,90.1,17.2,2
"26","Africa",2020-08-10,1057407,88805,23598,2971,20,21,"Africa",1.2e+09,881.2,74,19.7,2.5
"27","Africa",2020-08-17,1128126,70719,25897,2299,21,22,"Africa",1.2e+09,940.1,58.9,21.6,1.9
"28","Africa",2020-08-24,1195541,67415,28005,2108,22,23,"Africa",1.2e+09,996.3,56.2,23.3,1.8
"29","Africa",2020-08-31,1252235,56694,29812,1807,23,24,"Africa",1.2e+09,1043.5,47.2,24.8,1.5
"30","Africa",2020-09-07,1306522,54287,31521,1710,24,25,"Africa",1.2e+09,1088.8,45.2,26.3,1.4
"31","Africa",2020-09-14,1359879,53357,32793,1286,25,26,"Africa",1.2e+09,1133.2,44.5,27.3,1.1
"32","Africa",2020-09-21,1413815,53936,34082,1289,26,27,"Africa",1.2e+09,1178.2,44.9,28.4,1.1
"33","Africa",2020-09-28,1465992,52177,35457,1375,27,28,"Africa",1.2e+09,1221.7,43.5,29.5,1.1
"34","Africa",2020-10-05,1519682,53690,36638,1181,28,29,"Africa",1.2e+09,1266.4,44.7,30.5,1
"35","Africa",2020-10-12,1584683,65001,38301,1663,29,30,"Africa",1.2e+09,1320.6,54.2,31.9,1.4
"36","Africa",2020-10-19,1655970,71287,39930,1629,30,31,"Africa",1.2e+09,1380,59.4,33.3,1.4
"37","Africa",2020-10-26,1729180,73210,41607,1677,31,32,"Africa",1.2e+09,1441,61,34.7,1.4
"38","Africa",2020-11-02,1803356,74176,43389,1782,32,33,"Africa",1.2e+09,1502.8,61.8,36.2,1.5
"39","Africa",2020-11-09,1891749,88393,45609,2220,33,34,"Africa",1.2e+09,1576.5,73.7,38,1.9
"40","Africa",2020-11-16,1986326,94577,47641,2032,34,35,"Africa",1.2e+09,1655.3,78.8,39.7,1.7
"41","Africa",2020-11-23,2080374,94048,49987,2346,35,36,"Africa",1.2e+09,1733.6,78.4,41.7,2
"42","Africa",2020-11-30,2174323,93949,51992,2005,36,37,"Africa",1.2e+09,1811.9,78.3,43.3,1.7
"43","Africa",2020-12-07,2274050,99727,54118,2126,37,38,"Africa",1.2e+09,1895,83.1,45.1,1.8
"44","Africa",2020-12-14,2390592,116542,56645,2527,38,39,"Africa",1.2e+09,1992.2,97.1,47.2,2.1
"45","Africa",2020-12-21,2526114,135522,59528,2883,39,40,"Africa",1.2e+09,2105.1,112.9,49.6,2.4
"46","Africa",2020-12-28,2679925,153811,63351,3823,40,41,"Africa",1.2e+09,2233.3,128.2,52.8,3.2
"47","Africa",2021-01-04,2854868,174943,67931,4580,41,42,"Africa",1.2e+09,2379.1,145.8,56.6,3.8
"48","Africa",2021-01-11,3084121,229253,73392,5461,42,43,"Africa",1.2e+09,2570.1,191,61.2,4.6
"49","Africa",2021-01-18,3286662,202541,79632,6240,43,44,"Africa",1.2e+09,2738.9,168.8,66.4,5.2
"50","Africa",2021-01-25,3456576,169914,85955,6323,44,45,"Africa",1.2e+09,2880.5,141.6,71.6,5.3
"51","Africa",2021-02-01,3582328,125752,91480,5525,45,46,"Africa",1.2e+09,2985.3,104.8,76.2,4.6
"52","Africa",2021-02-08,3681674,99346,95535,4055,46,47,"Africa",1.2e+09,3068.1,82.8,79.6,3.4
"53","Asia",2020-01-22,556,556,17,17,0,0,"Asia",4.5e+09,0.1,0.1,0,0
"54","Asia",2020-01-27,2912,2356,82,65,1,1,"Asia",4.5e+09,0.6,0.5,0,0
"55","Asia",2020-02-03,19827,16915,426,344,2,2,"Asia",4.5e+09,4.4,3.8,0.1,0.1
"56","Asia",2020-02-10,42551,22724,1013,587,3,3,"Asia",4.5e+09,9.5,5,0.2,0.1
"57","Asia",2020-02-17,72721,30170,1867,854,4,4,"Asia",4.5e+09,16.2,6.7,0.4,0.2
"58","Asia",2020-02-24,78517,5796,2619,752,5,5,"Asia",4.5e+09,17.4,1.3,0.6,0.2
"59","Asia",2020-03-02,86700,8183,3017,398,6,6,"Asia",4.5e+09,19.3,1.8,0.7,0.1
"60","Asia",2020-03-09,96986,10286,3432,415,7,7,"Asia",4.5e+09,21.6,2.3,0.8,0.1
"61","Asia",2020-03-16,108650,11664,4211,779,8,8,"Asia",4.5e+09,24.1,2.6,0.9,0.2
"62","Asia",2020-03-23,126490,17840,5430,1219,9,9,"Asia",4.5e+09,28.1,4,1.2,0.3
"63","Asia",2020-03-30,170050,43560,6890,1460,10,10,"Asia",4.5e+09,37.8,9.7,1.5,0.3
"64","Asia",2020-04-06,234394,64344,8948,2058,11,11,"Asia",4.5e+09,52.1,14.3,2,0.5
"65","Asia",2020-04-13,310394,76000,11358,2410,12,12,"Asia",4.5e+09,69,16.9,2.5,0.5
"66","Asia",2020-04-20,396772,86378,15159,3801,13,13,"Asia",4.5e+09,88.2,19.2,3.4,0.8
"67","Asia",2020-04-27,483041,86269,17631,2472,14,14,"Asia",4.5e+09,107.3,19.2,3.9,0.5
"68","Asia",2020-05-04,573131,90090,20152,2521,15,15,"Asia",4.5e+09,127.4,20,4.5,0.6
"69","Asia",2020-05-11,686169,113038,22570,2418,16,16,"Asia",4.5e+09,152.5,25.1,5,0.5
"70","Asia",2020-05-18,820076,133907,25179,2609,17,17,"Asia",4.5e+09,182.2,29.8,5.6,0.6
"71","Asia",2020-05-25,983134,163058,27847,2668,18,18,"Asia",4.5e+09,218.5,36.2,6.2,0.6
"72","Asia",2020-06-01,1166742,183608,31345,3498,19,19,"Asia",4.5e+09,259.3,40.8,7,0.8
"73","Asia",2020-06-08,1396118,229376,35737,4392,20,20,"Asia",4.5e+09,310.2,51,7.9,1
"74","Asia",2020-06-15,1658237,262119,41248,5511,21,21,"Asia",4.5e+09,368.5,58.2,9.2,1.2
"75","Asia",2020-06-22,1943973,285736,49134,7886,22,22,"Asia",4.5e+09,432,63.5,10.9,1.8
"76","Asia",2020-06-29,2258551,314578,55858,6724,23,23,"Asia",4.5e+09,501.9,69.9,12.4,1.5
"77","Asia",2020-07-06,2633331,374780,63362,7504,24,24,"Asia",4.5e+09,585.2,83.3,14.1,1.7
"78","Asia",2020-07-13,3018122,384791,71538,8176,25,25,"Asia",4.5e+09,670.7,85.5,15.9,1.8
"79","Asia",2020-07-20,3462557,444435,81371,9833,26,26,"Asia",4.5e+09,769.5,98.8,18.1,2.2
"80","Asia",2020-07-27,3971064,508554,91156,9785,27,27,"Asia",4.5e+09,882.5,113,20.3,2.2
"81","Asia",2020-08-03,4530926,559862,101025,9869,28,28,"Asia",4.5e+09,1006.9,124.4,22.4,2.2
"82","Asia",2020-08-10,5136490,605564,111340,10315,29,29,"Asia",4.5e+09,1141.4,134.6,24.7,2.3
"83","Asia",2020-08-17,5757967,621477,121687,10347,30,30,"Asia",4.5e+09,1279.5,138.1,27,2.3
"84","Asia",2020-08-24,6409014,651047,131836,10588,31,31,"Asia",4.5e+09,1424.2,144.7,29.3,2.4
"85","Asia",2020-08-31,7113877,704863,142607,10771,32,32,"Asia",4.5e+09,1580.9,156.6,31.7,2.4
"86","Asia",2020-09-07,7888296,774419,154064,11457,33,33,"Asia",4.5e+09,1753,172.1,34.2,2.5
"87","Asia",2020-09-14,8750387,862091,166478,12414,34,34,"Asia",4.5e+09,1944.5,191.6,37,2.8
"88","Asia",2020-09-21,9607296,856909,179224,12746,35,35,"Asia",4.5e+09,2135,190.4,39.8,2.8
"89","Asia",2020-09-28,10428832,821536,191298,12074,36,36,"Asia",4.5e+09,2317.5,182.6,42.5,2.7
"90","Asia",2020-10-05,11218148,789316,203462,12164,37,37,"Asia",4.5e+09,2492.9,175.4,45.2,2.7
"91","Asia",2020-10-12,11956970,738822,214994,11532,38,38,"Asia",4.5e+09,2657.1,164.2,47.8,2.6
"92","Asia",2020-10-19,12634255,677285,225845,10851,39,39,"Asia",4.5e+09,2807.6,150.5,50.2,2.4
"93","Asia",2020-10-26,13264641,630386,236179,10334,40,40,"Asia",4.5e+09,2947.7,140.1,52.5,2.3
"94","Asia",2020-11-02,13885290,620649,246233,10054,41,41,"Asia",4.5e+09,3085.6,137.9,54.7,2.2
"95","Asia",2020-11-09,14547743,662453,257261,11028,42,42,"Asia",4.5e+09,3232.8,147.2,57.2,2.5
"96","Asia",2020-11-16,15199438,651695,268119,10858,43,43,"Asia",4.5e+09,3377.7,144.8,59.6,2.4
"97","Asia",2020-11-23,15921446,722008,280214,12095,44,44,"Asia",4.5e+09,3538.1,160.4,62.3,2.7
"98","Asia",2020-11-30,16791288,869842,292161,11947,45,45,"Asia",4.5e+09,3731.4,193.3,64.9,2.7
"99","Asia",2020-12-07,17650202,858914,303470,11309,46,46,"Asia",4.5e+09,3922.3,190.9,67.4,2.5
"100","Asia",2020-12-14,19213485,1563283,314009,10539,47,47,"Asia",4.5e+09,4269.7,347.4,69.8,2.3
"101","Asia",2020-12-21,19892811,679326,324165,10156,48,48,"Asia",4.5e+09,4420.6,151,72,2.3
"102","Asia",2020-12-28,20464476,571665,333601,9436,49,49,"Asia",4.5e+09,4547.7,127,74.1,2.1
"103","Asia",2021-01-04,21003980,539504,342075,8474,50,50,"Asia",4.5e+09,4667.6,119.9,76,1.9
"104","Asia",2021-01-11,21584805,580825,349692,7617,51,51,"Asia",4.5e+09,4796.6,129.1,77.7,1.7
"105","Asia",2021-01-18,22148336,563531,357973,8281,52,52,"Asia",4.5e+09,4921.9,125.2,79.5,1.8
"106","Asia",2021-01-25,22668889,520553,366077,8104,53,53,"Asia",4.5e+09,5037.5,115.7,81.4,1.8
"107","Asia",2021-02-01,23179148,510259,374229,8152,54,54,"Asia",4.5e+09,5150.9,113.4,83.2,1.8
"108","Asia",2021-02-08,23661587,482439,380937,6708,55,55,"Asia",4.5e+09,5258.1,107.2,84.7,1.5
"109","Europe",2020-01-27,4,4,0,0,0,0,"Europe",7.4e+08,0,0,0,0
"110","Europe",2020-02-03,33,29,0,0,0,0,"Europe",7.4e+08,0,0,0,0
"111","Europe",2020-02-10,49,16,0,0,0,0,"Europe",7.4e+08,0.1,0,0,0
"112","Europe",2020-02-17,57,8,1,1,0,0,"Europe",7.4e+08,0.1,0,0,0
"113","Europe",2020-02-24,294,237,8,7,0,0,"Europe",7.4e+08,0.4,0.3,0,0
"114","Europe",2020-03-02,2828,2534,55,47,0,1,"Europe",7.4e+08,3.8,3.4,0.1,0.1
"115","Europe",2020-03-09,15567,12739,527,472,1,2,"Europe",7.4e+08,21,17.2,0.7,0.6
"116","Europe",2020-03-16,67890,52323,2816,2289,2,3,"Europe",7.4e+08,91.7,70.7,3.8,3.1
"117","Europe",2020-03-23,201702,133812,10421,7605,3,4,"Europe",7.4e+08,272.6,180.8,14.1,10.3
"118","Europe",2020-03-30,428432,226730,27868,17447,4,5,"Europe",7.4e+08,579,306.4,37.7,23.6
"119","Europe",2020-04-06,642592,214160,53723,25855,5,6,"Europe",7.4e+08,868.4,289.4,72.6,34.9
"120","Europe",2020-04-13,892616,250024,81725,28002,6,7,"Europe",7.4e+08,1206.2,337.9,110.4,37.8
"121","Europe",2020-04-20,1119433,226817,107041,25316,7,8,"Europe",7.4e+08,1512.7,306.5,144.7,34.2
"122","Europe",2020-04-27,1289115,169682,127243,20202,8,9,"Europe",7.4e+08,1742,229.3,171.9,27.3
"123","Europe",2020-05-04,1445125,156010,141953,14710,9,10,"Europe",7.4e+08,1952.9,210.8,191.8,19.9
"124","Europe",2020-05-11,1607638,162513,153504,11551,10,11,"Europe",7.4e+08,2172.5,219.6,207.4,15.6
"125","Europe",2020-05-18,1741685,134047,162736,9232,11,12,"Europe",7.4e+08,2353.6,181.1,219.9,12.5
"126","Europe",2020-05-25,1860178,118493,167634,5773,12,13,"Europe",7.4e+08,2513.8,160.1,226.5,7.8
"127","Europe",2020-06-01,1974501,114323,173145,5511,13,14,"Europe",7.4e+08,2668.2,154.5,234,7.4
"128","Europe",2020-06-08,2082381,107880,177413,4268,14,15,"Europe",7.4e+08,2814,145.8,239.7,5.8
"129","Europe",2020-06-15,2191046,108665,180866,3453,15,16,"Europe",7.4e+08,2960.9,146.8,244.4,4.7
"130","Europe",2020-06-22,2297233,106187,185111,4245,16,17,"Europe",7.4e+08,3104.4,143.5,250.2,5.7
"131","Europe",2020-06-29,2396435,99202,187783,2672,17,18,"Europe",7.4e+08,3238.4,134.1,253.8,3.6
"132","Europe",2020-07-06,2488137,91702,190431,2648,18,19,"Europe",7.4e+08,3362.3,123.9,257.3,3.6
"133","Europe",2020-07-13,2582490,94353,192915,2484,19,20,"Europe",7.4e+08,3489.9,127.5,260.7,3.4
"134","Europe",2020-07-20,2684349,101859,195118,2205,20,21,"Europe",7.4e+08,3627.5,137.6,263.7,3
"135","Europe",2020-07-27,2798218,113869,197162,2044,21,22,"Europe",7.4e+08,3781.4,153.9,266.4,2.8
"136","Europe",2020-08-03,2923747,125529,199279,2124,22,23,"Europe",7.4e+08,3951,169.6,269.3,2.9
"137","Europe",2020-08-10,3066849,143102,201492,2213,23,24,"Europe",7.4e+08,4144.4,193.4,272.3,3
"138","Europe",2020-08-17,3232009,165160,203771,2279,24,25,"Europe",7.4e+08,4367.6,223.2,275.4,3.1
"139","Europe",2020-08-24,3423744,191735,206045,2274,25,26,"Europe",7.4e+08,4626.7,259.1,278.4,3.1
"140","Europe",2020-08-31,3640749,218174,208267,2323,26,27,"Europe",7.4e+08,4919.9,294.8,281.4,3.1
"141","Europe",2020-09-07,3891722,250974,210840,2576,27,28,"Europe",7.4e+08,5259.1,339.2,284.9,3.5
"142","Europe",2020-09-14,4188091,296369,213511,2671,28,29,"Europe",7.4e+08,5659.6,400.5,288.5,3.6
"143","Europe",2020-09-21,4548104,360013,217276,3765,29,30,"Europe",7.4e+08,6146.1,486.5,293.6,5.1
"144","Europe",2020-09-28,4963535,415431,221481,4205,30,31,"Europe",7.4e+08,6707.5,561.4,299.3,5.7
"145","Europe",2020-10-05,5467118,503583,226350,4869,31,32,"Europe",7.4e+08,7388,680.5,305.9,6.6
"146","Europe",2020-10-12,6191607,724489,232545,6196,32,33,"Europe",7.4e+08,8367,979,314.2,8.4
"147","Europe",2020-10-19,7203037,1011430,240988,8443,33,34,"Europe",7.4e+08,9733.8,1366.8,325.7,11.4
"148","Europe",2020-10-26,8658393,1455356,252988,12027,34,35,"Europe",7.4e+08,11700.5,1966.7,341.9,16.3
"149","Europe",2020-11-02,10526970,1868577,270959,17971,35,36,"Europe",7.4e+08,14225.6,2525.1,366.2,24.3
"150","Europe",2020-11-09,12434205,1907235,297273,26314,36,37,"Europe",7.4e+08,16803,2577.3,401.7,35.6
"151","Europe",2020-11-16,14240222,1806017,327456,30183,37,38,"Europe",7.4e+08,19243.5,2440.6,442.5,40.8
"152","Europe",2020-11-23,15900515,1660293,360599,33143,38,39,"Europe",7.4e+08,21487.2,2243.6,487.3,44.8
"153","Europe",2020-11-30,17344225,1443710,395382,34783,39,40,"Europe",7.4e+08,23438.1,1951,534.3,47
"154","Europe",2020-12-07,18709426,1365201,429468,34086,40,41,"Europe",7.4e+08,25283,1844.9,580.4,46.1
"155","Europe",2020-12-14,20120490,1411064,462934,33466,41,42,"Europe",7.4e+08,27189.9,1906.8,625.6,45.2
"156","Europe",2020-12-21,21633832,1513342,497836,34902,42,43,"Europe",7.4e+08,29234.9,2045.1,672.8,47.2
"157","Europe",2020-12-28,22996530,1362698,527529,29693,43,44,"Europe",7.4e+08,31076.4,1841.5,712.9,40.1
"158","Europe",2021-01-04,24547995,1551465,559294,31765,44,45,"Europe",7.4e+08,33173,2096.6,755.8,42.9
"159","Europe",2021-01-11,26312301,1764306,594923,35629,45,46,"Europe",7.4e+08,35557.2,2384.2,804,48.1
"160","Europe",2021-01-18,27865851,1553550,632054,37131,46,47,"Europe",7.4e+08,37656.6,2099.4,854.1,50.2
"161","Europe",2021-01-25,29275305,1409454,671312,39258,47,48,"Europe",7.4e+08,39561.2,1904.7,907.2,53.1
"162","Europe",2021-02-01,30527572,1252267,708475,37163,48,49,"Europe",7.4e+08,41253.5,1692.3,957.4,50.2
"163","Europe",2021-02-08,31595268,1067696,741980,33505,49,50,"Europe",7.4e+08,42696.3,1442.8,1002.7,45.3
"164","North America",2020-01-22,1,1,0,0,0,0,"North America",5.8e+08,0,0,0,0
"165","North America",2020-01-27,6,5,0,0,0,0,"North America",5.8e+08,0,0,0,0
"166","North America",2020-02-03,15,9,0,0,0,0,"North America",5.8e+08,0,0,0,0
"167","North America",2020-02-10,19,4,0,0,0,0,"North America",5.8e+08,0,0,0,0
"168","North America",2020-02-17,22,3,0,0,0,0,"North America",5.8e+08,0,0,0,0
"169","North America",2020-02-24,26,4,0,0,0,0,"North America",5.8e+08,0,0,0,0
"170","North America",2020-03-02,88,62,6,6,0,0,"North America",5.8e+08,0.2,0.1,0,0
"171","North America",2020-03-09,692,604,23,17,0,0,"North America",5.8e+08,1.2,1,0,0
"172","North America",2020-03-16,5308,4616,103,80,1,1,"North America",5.8e+08,9.2,8,0.2,0.1
"173","North America",2020-03-23,49538,44230,826,723,2,2,"North America",5.8e+08,85.4,76.3,1.4,1.2
"174","North America",2020-03-30,177305,127767,4481,3655,3,3,"North America",5.8e+08,305.7,220.3,7.7,6.3
"175","North America",2020-04-06,407171,229866,15300,10819,4,4,"North America",5.8e+08,702,396.3,26.4,18.7
"176","North America",2020-04-13,638114,230943,31426,16126,5,5,"North America",5.8e+08,1100.2,398.2,54.2,27.8
"177","North America",2020-04-20,858745,220631,48446,17020,6,6,"North America",5.8e+08,1480.6,380.4,83.5,29.3
"178","North America",2020-04-27,1082689,223944,64708,16262,7,7,"North America",5.8e+08,1866.7,386.1,111.6,28
"179","North America",2020-05-04,1299826,217137,80087,15379,8,8,"North America",5.8e+08,2241.1,374.4,138.1,26.5
"180","North America",2020-05-11,1492983,193157,94313,14226,9,9,"North America",5.8e+08,2574.1,333,162.6,24.5
"181","North America",2020-05-18,1681822,188839,107049,12736,10,10,"North America",5.8e+08,2899.7,325.6,184.6,22
"182","North America",2020-05-25,1870551,188729,117901,10852,11,11,"North America",5.8e+08,3225.1,325.4,203.3,18.7
"183","North America",2020-06-01,2054392,183841,128079,10178,12,12,"North America",5.8e+08,3542.1,317,220.8,17.5
"184","North America",2020-06-08,2241964,187572,138204,10125,13,13,"North America",5.8e+08,3865.5,323.4,238.3,17.5
"185","North America",2020-06-15,2442445,200481,147235,9031,14,14,"North America",5.8e+08,4211.1,345.7,253.9,15.6
"186","North America",2020-06-22,2700322,257877,156998,9763,15,15,"North America",5.8e+08,4655.7,444.6,270.7,16.8
"187","North America",2020-06-29,3043866,343544,166147,9149,16,16,"North America",5.8e+08,5248,592.3,286.5,15.8
"188","North America",2020-07-06,3462799,418933,174617,8470,17,17,"North America",5.8e+08,5970.3,722.3,301.1,14.6
"189","North America",2020-07-13,3966757,503958,185277,10660,18,18,"North America",5.8e+08,6839.2,868.9,319.4,18.4
"190","North America",2020-07-20,4521519,554762,195802,10525,19,19,"North America",5.8e+08,7795.7,956.5,337.6,18.1
"191","North America",2020-07-27,5061067,539548,208402,12600,20,20,"North America",5.8e+08,8726,930.3,359.3,21.7
"192","North America",2020-08-03,5567109,506042,220676,12274,21,21,"North America",5.8e+08,9598.5,872.5,380.5,21.2
"193","North America",2020-08-10,6024228,457119,233933,13257,22,22,"North America",5.8e+08,10386.6,788.1,403.3,22.9
"194","North America",2020-08-17,6441470,417242,245673,11740,23,23,"North America",5.8e+08,11106,719.4,423.6,20.2
"195","North America",2020-08-24,6810912,369442,256855,11182,24,24,"North America",5.8e+08,11743,637,442.9,19.3
"196","North America",2020-08-31,7170464,359552,267623,10768,25,25,"North America",5.8e+08,12362.9,619.9,461.4,18.6
"197","North America",2020-09-07,7514682,344218,277284,9661,26,26,"North America",5.8e+08,12956.3,593.5,478.1,16.7
"198","North America",2020-09-14,7838456,323774,286416,9132,27,27,"North America",5.8e+08,13514.6,558.2,493.8,15.7
"199","North America",2020-09-21,8208259,369803,295202,8786,28,28,"North America",5.8e+08,14152.2,637.6,509,15.1
"200","North America",2020-09-28,8567502,359243,304056,8854,29,29,"North America",5.8e+08,14771.6,619.4,524.2,15.3
"201","North America",2020-10-05,8971702,404200,315239,11183,30,30,"North America",5.8e+08,15468.5,696.9,543.5,19.3
"202","North America",2020-10-12,9398383,426681,322899,7660,31,31,"North America",5.8e+08,16204.1,735.7,556.7,13.2
"203","North America",2020-10-19,9897475,499092,331156,8257,32,32,"North America",5.8e+08,17064.6,860.5,571,14.2
"204","North America",2020-10-26,10478163,580688,340404,9248,33,33,"North America",5.8e+08,18065.8,1001.2,586.9,15.9
"205","North America",2020-11-02,11186774,708611,349873,9469,34,34,"North America",5.8e+08,19287.5,1221.7,603.2,16.3
"206","North America",2020-11-09,12129352,942578,361041,11168,35,35,"North America",5.8e+08,20912.7,1625.1,622.5,19.3
"207","North America",2020-11-16,13324618,1195266,373492,12451,36,36,"North America",5.8e+08,22973.5,2060.8,644,21.5
"208","North America",2020-11-23,14653645,1329027,388397,14905,37,37,"North America",5.8e+08,25264.9,2291.4,669.6,25.7
"209","North America",2020-11-30,15923496,1269851,403924,15527,38,38,"North America",5.8e+08,27454.3,2189.4,696.4,26.8
"210","North America",2020-12-07,17508196,1584700,424863,20939,39,39,"North America",5.8e+08,30186.5,2732.2,732.5,36.1
"211","North America",2020-12-14,19180131,1671935,447579,22716,40,40,"North America",5.8e+08,33069.2,2882.6,771.7,39.2
"212","North America",2020-12-21,20861831,1681700,472140,24561,41,41,"North America",5.8e+08,35968.7,2899.5,814,42.3
"213","North America",2020-12-28,22280575,1418744,493505,21365,42,42,"North America",5.8e+08,38414.8,2446.1,850.9,36.8
"214","North America",2021-01-04,23960196,1679621,518531,25026,43,43,"North America",5.8e+08,41310.7,2895.9,894,43.1
"215","North America",2021-01-11,25905228,1945032,549612,31081,44,44,"North America",5.8e+08,44664.2,3353.5,947.6,53.6
"216","North America",2021-01-18,27568373,1663145,581238,31626,45,45,"North America",5.8e+08,47531.7,2867.5,1002.1,54.5
"217","North America",2021-01-25,28971395,1403022,614277,33039,46,46,"North America",5.8e+08,49950.7,2419,1059.1,57
"218","North America",2021-02-01,30165688,1194293,647108,32831,47,47,"North America",5.8e+08,52009.8,2059.1,1115.7,56.6
"219","North America",2021-02-08,31073271,907583,676711,29603,48,48,"North America",5.8e+08,53574.6,1564.8,1166.7,51
"220","Oceania",2020-01-27,5,5,0,0,0,0,"Oceania",3.8e+07,0.1,0.1,0,0
"221","Oceania",2020-02-03,12,7,0,0,0,0,"Oceania",3.8e+07,0.3,0.2,0,0
"222","Oceania",2020-02-10,15,3,0,0,0,0,"Oceania",3.8e+07,0.4,0.1,0,0
"223","Oceania",2020-02-17,15,0,0,0,0,0,"Oceania",3.8e+07,0.4,0,0,0
"224","Oceania",2020-02-24,15,0,0,0,0,0,"Oceania",3.8e+07,0.4,0,0,0
"225","Oceania",2020-03-02,31,16,1,1,0,0,"Oceania",3.8e+07,0.8,0.4,0,0
"226","Oceania",2020-03-09,96,65,3,2,0,0,"Oceania",3.8e+07,2.5,1.7,0.1,0.1
"227","Oceania",2020-03-16,385,289,3,0,0,0,"Oceania",3.8e+07,10.1,7.6,0.1,0
"228","Oceania",2020-03-23,1788,1403,7,4,0,1,"Oceania",3.8e+07,47.1,36.9,0.2,0.1
"229","Oceania",2020-03-30,4956,3168,18,11,0,2,"Oceania",3.8e+07,130.4,83.4,0.5,0.3
"230","Oceania",2020-04-06,6919,1963,41,23,1,3,"Oceania",3.8e+07,182.1,51.7,1.1,0.6
"231","Oceania",2020-04-13,7718,799,66,25,2,4,"Oceania",3.8e+07,203.1,21,1.7,0.7
"232","Oceania",2020-04-20,8088,370,79,13,3,5,"Oceania",3.8e+07,212.8,9.7,2.1,0.3
"233","Oceania",2020-04-27,8219,131,102,23,4,6,"Oceania",3.8e+07,216.3,3.4,2.7,0.6
"234","Oceania",2020-05-04,8359,140,116,14,5,7,"Oceania",3.8e+07,220,3.7,3.1,0.4
"235","Oceania",2020-05-11,8493,134,118,2,6,8,"Oceania",3.8e+07,223.5,3.5,3.1,0.1
"236","Oceania",2020-05-18,8593,100,120,2,7,9,"Oceania",3.8e+07,226.1,2.6,3.2,0.1
"237","Oceania",2020-05-25,8656,63,123,3,8,10,"Oceania",3.8e+07,227.8,1.7,3.2,0.1
"238","Oceania",2020-06-01,8751,95,124,1,9,11,"Oceania",3.8e+07,230.3,2.5,3.3,0
"239","Oceania",2020-06-08,8797,46,124,0,10,12,"Oceania",3.8e+07,231.5,1.2,3.3,0
"240","Oceania",2020-06-15,8879,82,124,0,11,13,"Oceania",3.8e+07,233.7,2.2,3.3,0
"241","Oceania",2020-06-22,9034,155,124,0,12,14,"Oceania",3.8e+07,237.7,4.1,3.3,0
"242","Oceania",2020-06-29,9391,357,126,2,13,15,"Oceania",3.8e+07,247.1,9.4,3.3,0.1
"243","Oceania",2020-07-06,10323,932,128,2,14,16,"Oceania",3.8e+07,271.7,24.5,3.4,0.1
"244","Oceania",2020-07-13,11833,1510,130,2,15,17,"Oceania",3.8e+07,311.4,39.7,3.4,0.1
"245","Oceania",2020-07-20,14029,2196,149,19,16,18,"Oceania",3.8e+07,369.2,57.8,3.9,0.5
"246","Oceania",2020-07-27,16949,2920,189,41,17,19,"Oceania",3.8e+07,446,76.8,5,1.1
"247","Oceania",2020-08-03,20435,3486,257,68,18,20,"Oceania",3.8e+07,537.8,91.7,6.8,1.8
"248","Oceania",2020-08-10,23524,3089,357,100,19,21,"Oceania",3.8e+07,619.1,81.3,9.4,2.6
"249","Oceania",2020-08-17,25777,2253,464,107,20,22,"Oceania",3.8e+07,678.3,59.3,12.2,2.8
"250","Oceania",2020-08-24,27172,1395,552,88,21,23,"Oceania",3.8e+07,715.1,36.7,14.5,2.3
"251","Oceania",2020-08-31,28058,886,686,134,22,24,"Oceania",3.8e+07,738.4,23.3,18.1,3.5
"252","Oceania",2020-09-07,28683,625,801,115,23,25,"Oceania",3.8e+07,754.8,16.4,21.1,3
"253","Oceania",2020-09-14,29083,400,848,47,24,26,"Oceania",3.8e+07,765.3,10.5,22.3,1.2
"254","Oceania",2020-09-21,29306,223,888,40,25,27,"Oceania",3.8e+07,771.2,5.9,23.4,1.1
"255","Oceania",2020-09-28,29454,148,916,28,26,28,"Oceania",3.8e+07,775.1,3.9,24.1,0.7
"256","Oceania",2020-10-05,29603,149,929,13,27,29,"Oceania",3.8e+07,779,3.9,24.4,0.3
"257","Oceania",2020-10-12,29781,178,933,4,28,30,"Oceania",3.8e+07,783.7,4.7,24.6,0.1
"258","Oceania",2020-10-19,29908,127,939,6,29,31,"Oceania",3.8e+07,787.1,3.3,24.7,0.2
"259","Oceania",2020-10-26,30105,197,939,0,30,32,"Oceania",3.8e+07,792.2,5.2,24.7,0
"260","Oceania",2020-11-02,30217,112,941,2,31,33,"Oceania",3.8e+07,795.2,2.9,24.8,0.1
"261","Oceania",2020-11-09,30306,90,941,0,32,34,"Oceania",3.8e+07,797.5,2.4,24.8,0
"262","Oceania",2020-11-16,30418,112,941,0,33,35,"Oceania",3.8e+07,800.5,2.9,24.8,0
"263","Oceania",2020-11-23,30561,143,941,0,34,36,"Oceania",3.8e+07,804.2,3.8,24.8,0
"264","Oceania",2020-11-30,30693,132,942,1,35,37,"Oceania",3.8e+07,807.7,3.5,24.8,0
"265","Oceania",2020-12-07,30811,118,942,0,36,38,"Oceania",3.8e+07,810.8,3.1,24.8,0
"266","Oceania",2020-12-14,30939,128,943,1,37,39,"Oceania",3.8e+07,814.2,3.4,24.8,0
"267","Oceania",2020-12-21,31171,232,944,1,38,40,"Oceania",3.8e+07,820.3,6.1,24.8,0
"268","Oceania",2020-12-28,31350,179,945,1,39,41,"Oceania",3.8e+07,825,4.7,24.9,0
"269","Oceania",2021-01-04,31575,225,945,0,40,42,"Oceania",3.8e+07,830.9,5.9,24.9,0
"270","Oceania",2021-01-11,31752,177,945,0,41,43,"Oceania",3.8e+07,835.6,4.7,24.9,0
"271","Oceania",2021-01-18,31906,154,945,0,42,44,"Oceania",3.8e+07,839.6,4.1,24.9,0
"272","Oceania",2021-01-25,31985,79,945,0,43,45,"Oceania",3.8e+07,841.7,2.1,24.9,0
"273","Oceania",2021-02-01,32077,92,945,0,44,46,"Oceania",3.8e+07,844.1,2.4,24.9,0
"274","Oceania",2021-02-08,32163,86,945,0,45,47,"Oceania",3.8e+07,846.4,2.3,24.9,0
"275","South America",2020-02-24,2,2,0,0,0,0,"South America",4.2e+08,0,0,0,0
"276","South America",2020-03-02,17,15,0,0,0,0,"South America",4.2e+08,0,0,0,0
"277","South America",2020-03-09,81,64,1,1,0,0,"South America",4.2e+08,0.2,0.2,0,0
"278","South America",2020-03-16,688,607,5,4,0,0,"South America",4.2e+08,1.6,1.4,0,0
"279","South America",2020-03-23,4992,4304,68,63,0,1,"South America",4.2e+08,11.9,10.2,0.2,0.1
"280","South America",2020-03-30,12296,7316,298,230,1,2,"South America",4.2e+08,29.3,17.4,0.7,0.5
"281","South America",2020-04-06,27528,15232,1012,714,2,3,"South America",4.2e+08,65.5,36.3,2.4,1.7
"282","South America",2020-04-13,54971,27443,2247,1235,3,4,"South America",4.2e+08,130.9,65.3,5.3,2.9
"283","South America",2020-04-20,87127,32156,4071,1824,4,5,"South America",4.2e+08,207.4,76.6,9.7,4.3
"284","South America",2020-04-27,146752,59625,6792,2721,5,6,"South America",4.2e+08,349.4,142,16.2,6.5
"285","South America",2020-05-04,227366,80614,11297,4505,6,7,"South America",4.2e+08,541.3,191.9,26.9,10.7
"286","South America",2020-05-11,325675,100681,17047,5750,7,8,"South America",4.2e+08,775.4,239.7,40.6,13.7
"287","South America",2020-05-18,469737,144062,24119,7072,8,9,"South America",4.2e+08,1118.4,343,57.4,16.8
"288","South America",2020-05-25,669369,199632,32599,8480,9,10,"South America",4.2e+08,1593.7,475.3,77.6,20.2
"289","South America",2020-06-01,926722,257353,40974,8375,10,11,"South America",4.2e+08,2206.5,612.7,97.6,19.9
"290","South America",2020-06-08,1204971,278249,51157,10183,11,12,"South America",4.2e+08,2869,662.5,121.8,24.2
"291","South America",2020-06-15,1492815,287844,61400,10243,12,13,"South America",4.2e+08,3554.3,685.3,146.2,24.4
"292","South America",2020-06-22,1809973,317158,72485,11085,13,14,"South America",4.2e+08,4309.5,755.1,172.6,26.4
"293","South America",2020-06-29,2181049,371076,83636,11151,14,15,"South America",4.2e+08,5193,883.5,199.1,26.6
"294","South America",2020-07-06,2542875,361826,94878,11242,15,16,"South America",4.2e+08,6054.5,861.5,225.9,26.8
"295","South America",2020-07-13,2922754,379879,106382,11504,16,17,"South America",4.2e+08,6958.9,904.5,253.3,27.4
"296","South America",2020-07-20,3298308,375554,119197,12815,17,18,"South America",4.2e+08,7853.1,894.2,283.8,30.5
"297","South America",2020-07-27,3780484,482176,135506,16309,18,19,"South America",4.2e+08,9001.2,1148,322.6,38.8
"298","South America",2020-08-03,4278527,498043,148327,12821,19,20,"South America",4.2e+08,10187,1185.8,353.2,30.5
"299","South America",2020-08-10,4791929,513402,161129,12802,20,21,"South America",4.2e+08,11409.4,1222.4,383.6,30.5
"300","South America",2020-08-17,5311958,520029,177266,16137,21,22,"South America",4.2e+08,12647.5,1238.2,422.1,38.4
"301","South America",2020-08-24,5797881,485923,190455,13189,22,23,"South America",4.2e+08,13804.5,1157,453.5,31.4
"302","South America",2020-08-31,6301683,503802,202229,11774,23,24,"South America",4.2e+08,15004,1199.5,481.5,28
"303","South America",2020-09-07,6738912,440904,218892,16663,24,25,"South America",4.2e+08,16045,1049.8,521.2,39.7
"304","South America",2020-09-14,7143773,404861,229064,10172,25,26,"South America",4.2e+08,17009,964,545.4,24.2
"305","South America",2020-09-21,7553454,409681,239006,9942,26,27,"South America",4.2e+08,17984.4,975.4,569.1,23.7
"306","South America",2020-09-28,7943553,390099,249611,10605,27,28,"South America",4.2e+08,18913.2,928.8,594.3,25.2
"307","South America",2020-10-05,8311611,368058,262425,12814,28,29,"South America",4.2e+08,19789.6,876.3,624.8,30.5
"308","South America",2020-10-12,8691227,379616,272199,9774,29,30,"South America",4.2e+08,20693.4,903.8,648.1,23.3
"309","South America",2020-10-19,9028111,336884,280540,8341,30,31,"South America",4.2e+08,21495.5,802.1,668,19.9
"310","South America",2020-10-26,9394884,366773,288822,8282,31,32,"South America",4.2e+08,22368.8,873.3,687.7,19.7
"311","South America",2020-11-02,9727141,332257,296274,7452,32,33,"South America",4.2e+08,23159.9,791.1,705.4,17.7
"312","South America",2020-11-09,10014059,286918,303259,6985,33,34,"South America",4.2e+08,23843,683.1,722,16.6
"313","South America",2020-11-16,10377818,363759,310711,7452,34,35,"South America",4.2e+08,24709.1,866.1,739.8,17.7
"314","South America",2020-11-23,10731375,353557,317799,7088,35,36,"South America",4.2e+08,25550.9,841.8,756.7,16.9
"315","South America",2020-11-30,11130276,398901,325365,7566,36,37,"South America",4.2e+08,26500.7,949.8,774.7,18
"316","South America",2020-12-07,11559429,429153,333064,7699,37,38,"South America",4.2e+08,27522.4,1021.8,793,18.3
"317","South America",2020-12-14,11996890,437461,340877,7813,38,39,"South America",4.2e+08,28564,1041.6,811.6,18.6
"318","South America",2020-12-21,12507404,510514,349752,8875,39,40,"South America",4.2e+08,29779.5,1215.5,832.7,21.1
"319","South America",2020-12-28,12921817,414413,357493,7741,40,41,"South America",4.2e+08,30766.2,986.7,851.2,18.4
"320","South America",2021-01-04,13366232,444415,366111,8618,41,42,"South America",4.2e+08,31824.4,1058.1,871.7,20.5
"321","South America",2021-01-11,14016377,650145,377789,11678,42,43,"South America",4.2e+08,33372.3,1548,899.5,27.8
"322","South America",2021-01-18,14687474,671097,389718,11929,43,44,"South America",4.2e+08,34970.2,1597.8,927.9,28.4
"323","South America",2021-01-25,15321389,633915,403239,13521,44,45,"South America",4.2e+08,36479.5,1509.3,960.1,32.2
"324","South America",2021-02-01,15925451,604062,417218,13979,45,46,"South America",4.2e+08,37917.7,1438.2,993.4,33.3
"325","South America",2021-02-08,16433349,507898,429389,12171,46,47,"South America",4.2e+08,39127,1209.3,1022.4,29
